question_text,question_type,matchmaking_category,answer,answer,answer,answer,answer,answer,answer,answer,answer,answer,answer,answer,answer,answer,answer,answer,answer,answer,answer,answer,answer,answer,answer,answer,answer,answer,answer,answer,answer,answer,answer,answer,answer,answer,answer,answer,answer,answer,answer,answer,answer,answer,answer,answer,answer,answer,answer,answer,answer,answer,answer,answer,answer,answer,answer,answer,answer,answer,answer,answer,answer,answer,answer,answer,answer,answer,answer,answer,answer,answer,answer,answer,answer,answer,answer,answer,answer,answer,answer,answer,answer,answer,answer,answer
Do you generally finish all of the food on your plate?,zero-one,culture,Yes,No,,,,,,,,,,,,,,,,,,,,,,,,,,,,,,,,,,,,,,,,,,,,,,,,,,,,,,,,,,,,,,,,,,,,,,,,,,,,,,,,,,
"Do you believe that courteous behavior, such as saying ""thank you"" or holding a door, is important even when the other person involved does not deserve it?",zero-one,culture,Yes,No,,,,,,,,,,,,,,,,,,,,,,,,,,,,,,,,,,,,,,,,,,,,,,,,,,,,,,,,,,,,,,,,,,,,,,,,,,,,,,,,,,
Do you feel that animals are more important than humans?,zero-one,culture,Yes,No,,,,,,,,,,,,,,,,,,,,,,,,,,,,,,,,,,,,,,,,,,,,,,,,,,,,,,,,,,,,,,,,,,,,,,,,,,,,,,,,,,
"Which do you prefer in a significant other, generally speaking?",zero-one,culture,Dominance/Aggression,"A little of both, depending on the situation",Submission/Shyness,,,,,,,,,,,,,,,,,,,,,,,,,,,,,,,,,,,,,,,,,,,,,,,,,,,,,,,,,,,,,,,,,,,,,,,,,,,,,,,,,
"Do you freak out when you get a little upset? (ie scream, yell and cry)",zero-one,culture,Yes,Only when someone is around,Only when no one is around,No,,,,,,,,,,,,,,,,,,,,,,,,,,,,,,,,,,,,,,,,,,,,,,,,,,,,,,,,,,,,,,,,,,,,,,,,,,,,,,,,
Do you loathe or tremendously dislike most of the people you encounter?,zero-one,culture,Yes,No,,,,,,,,,,,,,,,,,,,,,,,,,,,,,,,,,,,,,,,,,,,,,,,,,,,,,,,,,,,,,,,,,,,,,,,,,,,,,,,,,,
Do you find that extremely intelligent people are intimidating?,zero-one,culture,Yes,No,,,,,,,,,,,,,,,,,,,,,,,,,,,,,,,,,,,,,,,,,,,,,,,,,,,,,,,,,,,,,,,,,,,,,,,,,,,,,,,,,,
Do you say 'Thank you' to wait staff when served in a restaurant?,range,culture,Always,Most of the time,Occasionally,Never,,,,,,,,,,,,,,,,,,,,,,,,,,,,,,,,,,,,,,,,,,,,,,,,,,,,,,,,,,,,,,,,,,,,,,,,,,,,,,,,
"Have you made fun of anyone recently, knowing that it probably upset them?",zero-one,culture,Yes,No,,,,,,,,,,,,,,,,,,,,,,,,,,,,,,,,,,,,,,,,,,,,,,,,,,,,,,,,,,,,,,,,,,,,,,,,,,,,,,,,,,
"If you saw a really fantastic magic trick performed, would you want to know the secret behind how it was done?",zero-one,culture,Yes,No,,,,,,,,,,,,,,,,,,,,,,,,,,,,,,,,,,,,,,,,,,,,,,,,,,,,,,,,,,,,,,,,,,,,,,,,,,,,,,,,,,
Which of the following would you most expect to determine from a first date?,zero-one,culture,Sexual compatibility,Emotional compatibility,Spiritual compatibility,Financial compatibility,,,,,,,,,,,,,,,,,,,,,,,,,,,,,,,,,,,,,,,,,,,,,,,,,,,,,,,,,,,,,,,,,,,,,,,,,,,,,,,,
Are you annoyed by people who are super logical?,zero-one,culture,Yes,No,,,,,,,,,,,,,,,,,,,,,,,,,,,,,,,,,,,,,,,,,,,,,,,,,,,,,,,,,,,,,,,,,,,,,,,,,,,,,,,,,,
Is it possible for someone to be 'too nice'?,zero-one,culture,Yes,No,,,,,,,,,,,,,,,,,,,,,,,,,,,,,,,,,,,,,,,,,,,,,,,,,,,,,,,,,,,,,,,,,,,,,,,,,,,,,,,,,,
Do you believe in fate?,zero-one,culture,Yes,No,,,,,,,,,,,,,,,,,,,,,,,,,,,,,,,,,,,,,,,,,,,,,,,,,,,,,,,,,,,,,,,,,,,,,,,,,,,,,,,,,,
Do you more often get angry with yourself or with other people?,zero-one,culture,Myself,Others,,,,,,,,,,,,,,,,,,,,,,,,,,,,,,,,,,,,,,,,,,,,,,,,,,,,,,,,,,,,,,,,,,,,,,,,,,,,,,,,,,
Do you think some religions are more believable than others?,zero-one,culture,Yes,No,,,,,,,,,,,,,,,,,,,,,,,,,,,,,,,,,,,,,,,,,,,,,,,,,,,,,,,,,,,,,,,,,,,,,,,,,,,,,,,,,,
"Is it okay to search your child's room, to make sure they aren't doing anything you don't want them to do?",range,culture,Yes,Only with probable cause,"No, their right to privacy is too important",,,,,,,,,,,,,,,,,,,,,,,,,,,,,,,,,,,,,,,,,,,,,,,,,,,,,,,,,,,,,,,,,,,,,,,,,,,,,,,,,
Do you feel it's important to keep your spouse informed of the details of your day-to-day life?,range,culture,Yes,Somewhat,No,,,,,,,,,,,,,,,,,,,,,,,,,,,,,,,,,,,,,,,,,,,,,,,,,,,,,,,,,,,,,,,,,,,,,,,,,,,,,,,,,
"When you've just seen a great movie, read a great book, or listened to a great album, how do you like to digest it?",zero-one,culture,Recommend it to someone who isn't familiar with it,Analyze it with someone who is familiar with it,I'd rather keep my thoughts to myself,,,,,,,,,,,,,,,,,,,,,,,,,,,,,,,,,,,,,,,,,,,,,,,,,,,,,,,,,,,,,,,,,,,,,,,,,,,,,,,,,
"If you were to receive one month's salary as a gift, which of the following would come to mind first?",zero-one,culture,Save it,Spend it,Pay off debt,,,,,,,,,,,,,,,,,,,,,,,,,,,,,,,,,,,,,,,,,,,,,,,,,,,,,,,,,,,,,,,,,,,,,,,,,,,,,,,,,
"If you had to name your greatest motivation in life thus far, what would it be?",zero-one,culture,Love,Duty,Expression,Knowledge,Wealth,,,,,,,,,,,,,,,,,,,,,,,,,,,,,,,,,,,,,,,,,,,,,,,,,,,,,,,,,,,,,,,,,,,,,,,,,,,,,,,
Do you think it is important to be fluent in more than one language?,range,culture,"Yes, absolutely","Yes, if possible","Not really, it’s not important","No, but others should speak my native language",,,,,,,,,,,,,,,,,,,,,,,,,,,,,,,,,,,,,,,,,,,,,,,,,,,,,,,,,,,,,,,,,,,,,,,,,,,,,,,,
Do you read books for fun?,range,culture,"Yes, often",Sometimes,Rarely,Never,,,,,,,,,,,,,,,,,,,,,,,,,,,,,,,,,,,,,,,,,,,,,,,,,,,,,,,,,,,,,,,,,,,,,,,,,,,,,,,,
Would you prefer to live in an old house with character and history or a brand spanking new one?,zero-one,culture,Old,New,,,,,,,,,,,,,,,,,,,,,,,,,,,,,,,,,,,,,,,,,,,,,,,,,,,,,,,,,,,,,,,,,,,,,,,,,,,,,,,,,,
Has anyone ever pressured you to marry them and failed?,zero-one,culture,Yes,No,,,,,,,,,,,,,,,,,,,,,,,,,,,,,,,,,,,,,,,,,,,,,,,,,,,,,,,,,,,,,,,,,,,,,,,,,,,,,,,,,,
Should the recipient give back an engagement ring if the engagement is broken off?,range,culture,Yes,Only if the recipient initiates the break up,No,,,,,,,,,,,,,,,,,,,,,,,,,,,,,,,,,,,,,,,,,,,,,,,,,,,,,,,,,,,,,,,,,,,,,,,,,,,,,,,,,
How do you feel about kids?,range,culture,I love kids!,"They're okay, but keep the unruly ones at bay",I'm indifferent,I'm not a fan of being around kids,,,,,,,,,,,,,,,,,,,,,,,,,,,,,,,,,,,,,,,,,,,,,,,,,,,,,,,,,,,,,,,,,,,,,,,,,,,,,,,,
Do you procrastinate a lot?,range,culture,Absolutely,Sometimes,Not really,,,,,,,,,,,,,,,,,,,,,,,,,,,,,,,,,,,,,,,,,,,,,,,,,,,,,,,,,,,,,,,,,,,,,,,,,,,,,,,,,
Are there any circumstances under which you would get a divoce?,range,culture,"Yes, if we weren't happy","Only under extreme circumstances like abadonment, abuse, or an affair","No, never I believe marriange is forever",,,,,,,,,,,,,,,,,,,,,,,,,,,,,,,,,,,,,,,,,,,,,,,,,,,,,,,,,,,,,,,,,,,,,,,,,,,,,,,,,
Would you develop a new hobby/cultivate a new interest just to have something in common with your partner?,range,culture,"Sure, it's good to do stuff together","Maybe, but only if it seemed cool","No, we should maintain our own identities",,,,,,,,,,,,,,,,,,,,,,,,,,,,,,,,,,,,,,,,,,,,,,,,,,,,,,,,,,,,,,,,,,,,,,,,,,,,,,,,,
What is your opinion of sarcasm?,range,culture,I love it!,It's okay,Sarcasm is formulaic and lame,,,,,,,,,,,,,,,,,,,,,,,,,,,,,,,,,,,,,,,,,,,,,,,,,,,,,,,,,,,,,,,,,,,,,,,,,,,,,,,,,
What is the fastest way to annoy you?,zero-one,culture,When someone disagrees with an opinion I feel strongly about,When someone ignores me,When someone interrupts me,When someone shows that they dislike my friends,,,,,,,,,,,,,,,,,,,,,,,,,,,,,,,,,,,,,,,,,,,,,,,,,,,,,,,,,,,,,,,,,,,,,,,,,,,,,,,,
"Ideally, what portion of your total hobbies and other recreational activities would you like to share as common with a partner?",range,hobbies,All,More than half,Up to half,None,,,,,,,,,,,,,,,,,,,,,,,,,,,,,,,,,,,,,,,,,,,,,,,,,,,,,,,,,,,,,,,,,,,,,,,,,,,,,,,,
"Do you enjoy outdoor activities such as camping, hiking or fishing?",zero-one,hobbies,Yes,No,,,,,,,,,,,,,,,,,,,,,,,,,,,,,,,,,,,,,,,,,,,,,,,,,,,,,,,,,,,,,,,,,,,,,,,,,,,,,,,,,,
Do you enjoy exercise?,zero-one,hobbies,Yes,No,,,,,,,,,,,,,,,,,,,,,,,,,,,,,,,,,,,,,,,,,,,,,,,,,,,,,,,,,,,,,,,,,,,,,,,,,,,,,,,,,,
Do you like reading tabloids?,zero-one,hobbies,Yes,No,,,,,,,,,,,,,,,,,,,,,,,,,,,,,,,,,,,,,,,,,,,,,,,,,,,,,,,,,,,,,,,,,,,,,,,,,,,,,,,,,,
"Do wild places such as mountains, rivers and forests call out to you?",zero-one,hobbies,Yes,No,,,,,,,,,,,,,,,,,,,,,,,,,,,,,,,,,,,,,,,,,,,,,,,,,,,,,,,,,,,,,,,,,,,,,,,,,,,,,,,,,,
How do you feel about boardgames?,range,hobbies,"I love boardgames, let's play one now","Boardgames are okay, I guess",I'd rather do something else,,,,,,,,,,,,,,,,,,,,,,,,,,,,,,,,,,,,,,,,,,,,,,,,,,,,,,,,,,,,,,,,,,,,,,,,,,,,,,,,,
How do you feel about documentaries?,range,hobbies,Love them,They’re okay,No,,,,,,,,,,,,,,,,,,,,,,,,,,,,,,,,,,,,,,,,,,,,,,,,,,,,,,,,,,,,,,,,,,,,,,,,,,,,,,,,,
Do you enjoy reading and/or watching Shakespearean plays?,range,hobbies,Yes,If I must / if it is for school,No,,,,,,,,,,,,,,,,,,,,,,,,,,,,,,,,,,,,,,,,,,,,,,,,,,,,,,,,,,,,,,,,,,,,,,,,,,,,,,,,,
"Do you write creatively (novels, plays, poetry, and so forth)?",range,hobbies,My middle name is actually Shakespeare,"Yes; only for assignments, though",Not really / no,,,,,,,,,,,,,,,,,,,,,,,,,,,,,,,,,,,,,,,,,,,,,,,,,,,,,,,,,,,,,,,,,,,,,,,,,,,,,,,,,
What are your hobbies?,zero-one,hobbies,Reading,Watching television,Relaxing,Going out,Watching movies,Playing board games,Surfing the internet,Volunteering,Hanging out with friends,Spending time with my family,Going to the theater / cinema,Watching ballet or opera,Listening to music,Sports,Dancing,Photography,Film/Video,Art,Playing instruments,Cooking,Sewing,Crafts,Pottery,Carpentry/DIY,Collecting,,,,,,,,,,,,,,,,,,,,,,,,,,,,,,,,,,,,,,,,,,,,,,,,,,,,,,,,,,,
How do you spend your free time?,zero-one,hobbies,At my house or visiting friends,Outside in nature,Socializing,,,,,,,,,,,,,,,,,,,,,,,,,,,,,,,,,,,,,,,,,,,,,,,,,,,,,,,,,,,,,,,,,,,,,,,,,,,,,,,,,
What is your attitude towards cooking?,range,hobbies,I'm always cooking and trying new recipes,I like to cook occasionally,I only cook on special occasions,I only cook if I have to,I only eat out,,,,,,,,,,,,,,,,,,,,,,,,,,,,,,,,,,,,,,,,,,,,,,,,,,,,,,,,,,,,,,,,,,,,,,,,,,,,,,,
Which sports do you play?,zero-one,hobbies,Tennis,Table tennis,Badminton,Soccer,Hockey,Handball,Volleyball,Basketball,Swimming,Sailing,Rowing,Surfing,Horseback riding,Cycling,Skiing,Jogging,Hiking,Rock climbing,Bowling,Yoga/Pilates,Fitness,,,,,,,,,,,,,,,,,,,,,,,,,,,,,,,,,,,,,,,,,,,,,,,,,,,,,,,,,,,,,,,
What are your interests?,zero-one,hobbies,Working out,Language exchange,Yoga,DIY,Coffee,Karaoke,Reading,Foodie,Cat Lover,Comedy,Gamer,Shopping,Cycling,Hiking,Dog Lover,Disney,,,,,,,,,,,,,,,,,,,,,,,,,,,,,,,,,,,,,,,,,,,,,,,,,,,,,,,,,,,,,,,,,,,,
Are religious beliefs important to you?,zero-one,religion,Yes,No,,,,,,,,,,,,,,,,,,,,,,,,,,,,,,,,,,,,,,,,,,,,,,,,,,,,,,,,,,,,,,,,,,,,,,,,,,,,,,,,,,
Do you believe in an afterlife/life after death/resurrection?,zero-one,religion,Yes,I'm not sure,No,,,,,,,,,,,,,,,,,,,,,,,,,,,,,,,,,,,,,,,,,,,,,,,,,,,,,,,,,,,,,,,,,,,,,,,,,,,,,,,,,
Do you have a religious community?,zero-one,religion,Hindu,Muslim - Shia,Muslim - Sunni,Muslim - Others,Christian - Catholic,Christian - Orthodox,Christian - Protestant,Christian - Others,Sikh,Jain - Digambar ,Jain - Shwetambar,Jain - Others,Parsi,Buddhist,Jewish,Inter-religion,No religious belief,,,,,,,,,,,,,,,,,,,,,,,,,,,,,,,,,,,,,,,,,,,,,,,,,,,,,,,,,,,,,,,,,,,
What is your linguistic community?,zero-one,religion,Hindi,Marathi,Punjabi,Bengali,Gujarati,Urdu,Telugu,Kannada,English,Tamil,Odia,Malankara,Marwari,Aka,Arabic,,,,,,,,,,,,,,,,,,,,,,,,,,,,,,,,,,,,,,,,,,,,,,,,,,,,,,,,,,,,,,,,,,,,,
What is your caste?,zero-one,religion,Adi Andhra,Arekatica,Arya Vysya,Ayyaraka,Balija,Besta,Bhatraju,Brahmin - Dravida,Brahmin - Madhwa,Brahmin - Niyogi,Brahmin - Others,Brahmin - Smartha,Brahmin - Sri vaishnava,Brahmin - Vaidiki,Brahmin - Vaikhanasa,Brahmin - Velanadu,Chattada Sri Vaishnava,Chettiar,Chippolu (Mera),Devanga,Dommala,Gandla,Gavara,Goud,Gowda,Intercaste,Jaalari,Jandra ,Jetty/Malla,Kachara,Kalinga,Kalinga Vysya,Kamma,Kapu,Kshatriya,Kummari,Kuruba,Lingayath,Madiga,Mahendra,Mala,Maratha,Meru Darji,Mudaliyar,Mudiraj,Munnuru Kapu,Naagavamsam,Nadar,Nagaralu,Nai,Naidu,Neeli,Padmasali,Partraj,Patnaick/Sistakaranam,Prika,Poosala,Rajaka,Rajput,reddy,Relli,Sagara (Uppara),Savji,SC,Settibalija,Srisayana,ST,English,Surya Balija,Telaga,Togata,Turupu Kapu,Vada Balija,Vaddera,Vaishnava,Valmiki,Vanjara,Velama,Viswabrahmin,Vokkaliga,Yadav,Yellapu,Others,Don't wish to specify
What are your dietary habits?,zero-one,interpersonal,Vegan,Occasionally non-veg,Eggetarian,Non-veg,Jain,,,,,,,,,,,,,,,,,,,,,,,,,,,,,,,,,,,,,,,,,,,,,,,,,,,,,,,,,,,,,,,,,,,,,,,,,,,,,,,
Do you drink?,range,interpersonal,"Yes, often",Socially,Never,,,,,,,,,,,,,,,,,,,,,,,,,,,,,,,,,,,,,,,,,,,,,,,,,,,,,,,,,,,,,,,,,,,,,,,,,,,,,,,,,
Do you smoke?,range,interpersonal,Yes,Socially,Never,,,,,,,,,,,,,,,,,,,,,,,,,,,,,,,,,,,,,,,,,,,,,,,,,,,,,,,,,,,,,,,,,,,,,,,,,,,,,,,,,
Do you spend more money on clothes or food?,zero-one,interpersonal,Clothes,Food,,,,,,,,,,,,,,,,,,,,,,,,,,,,,,,,,,,,,,,,,,,,,,,,,,,,,,,,,,,,,,,,,,,,,,,,,,,,,,,,,,
How important is it for you to give expensive gifts on a regular basis when in a relationship?,range,interpersonal,Very important,Somewhat important,Not at all important,,,,,,,,,,,,,,,,,,,,,,,,,,,,,,,,,,,,,,,,,,,,,,,,,,,,,,,,,,,,,,,,,,,,,,,,,,,,,,,,,
Are you careful with your money?,zero-one,interpersonal,Yes,No,,,,,,,,,,,,,,,,,,,,,,,,,,,,,,,,,,,,,,,,,,,,,,,,,,,,,,,,,,,,,,,,,,,,,,,,,,,,,,,,,,
Are you allergic to cats?,range,interpersonal,No,"Slightly, but that doesn't keep us apart","Yes, but anti-histamines solve that problem","Yes, I keep my distance from them",,,,,,,,,,,,,,,,,,,,,,,,,,,,,,,,,,,,,,,,,,,,,,,,,,,,,,,,,,,,,,,,,,,,,,,,,,,,,,,,
How many books do you own?,range,interpersonal,Less than 5,5-25,25-50,50+,,,,,,,,,,,,,,,,,,,,,,,,,,,,,,,,,,,,,,,,,,,,,,,,,,,,,,,,,,,,,,,,,,,,,,,,,,,,,,,,
Do you prefer to eat organic food?,range,interpersonal,"Yes, as much as possible","I would, but it's too expensive","Sometimes, if it's easy to get",No / I don’t care,,,,,,,,,,,,,,,,,,,,,,,,,,,,,,,,,,,,,,,,,,,,,,,,,,,,,,,,,,,,,,,,,,,,,,,,,,,,,,,,
Do you hang out with the same group of friends almost every time you go out?,zero-one,interpersonal,Yes,No,,,,,,,,,,,,,,,,,,,,,,,,,,,,,,,,,,,,,,,,,,,,,,,,,,,,,,,,,,,,,,,,,,,,,,,,,,,,,,,,,,
"If you were going away for two weeks, how far in advance would you start packing?",range,interpersonal,I would pack at least two days before I leave,I would pack on the day before I leave,I would pack on the day I was due to leave,I would not pack at all,,,,,,,,,,,,,,,,,,,,,,,,,,,,,,,,,,,,,,,,,,,,,,,,,,,,,,,,,,,,,,,,,,,,,,,,,,,,,,,,
What do you usually wear when you sleep?,zero-one,interpersonal,Pajamas,Underwear,Nothing,Something else,,,,,,,,,,,,,,,,,,,,,,,,,,,,,,,,,,,,,,,,,,,,,,,,,,,,,,,,,,,,,,,,,,,,,,,,,,,,,,,,
How often do you use profane language?,range,interpersonal,Never,Once in a while,Often,Almost always,,,,,,,,,,,,,,,,,,,,,,,,,,,,,,,,,,,,,,,,,,,,,,,,,,,,,,,,,,,,,,,,,,,,,,,,,,,,,,,,
Do you enjoy discussing politics?,range,interpersonal,Yes,Depends on the issue,No,,,,,,,,,,,,,,,,,,,,,,,,,,,,,,,,,,,,,,,,,,,,,,,,,,,,,,,,,,,,,,,,,,,,,,,,,,,,,,,,,
How often do you brush your teeth?,range,interpersonal,Twice or more a day,Once a day,Only on days I feel like it,Rarely / never,,,,,,,,,,,,,,,,,,,,,,,,,,,,,,,,,,,,,,,,,,,,,,,,,,,,,,,,,,,,,,,,,,,,,,,,,,,,,,,,
How often do you meditate?,range,interpersonal,Frequently,Rarely,Never,,,,,,,,,,,,,,,,,,,,,,,,,,,,,,,,,,,,,,,,,,,,,,,,,,,,,,,,,,,,,,,,,,,,,,,,,,,,,,,,,
Which do you do more of?,zero-one,interpersonal,Watch television,Read,,,,,,,,,,,,,,,,,,,,,,,,,,,,,,,,,,,,,,,,,,,,,,,,,,,,,,,,,,,,,,,,,,,,,,,,,,,,,,,,,,
Have you smoked a cigarette in the last 6 months?,zero-one,interpersonal,Yes,No,,,,,,,,,,,,,,,,,,,,,,,,,,,,,,,,,,,,,,,,,,,,,,,,,,,,,,,,,,,,,,,,,,,,,,,,,,,,,,,,,,
"How often do you try new things (food, activities, music, whatever) that you've never tried before?",range,interpersonal,"Several times per week, or more",Several times per month,Several times per year,Rarely or never,,,,,,,,,,,,,,,,,,,,,,,,,,,,,,,,,,,,,,,,,,,,,,,,,,,,,,,,,,,,,,,,,,,,,,,,,,,,,,,,
What sleeping arrangement would you prefer with your partner?,zero-one,interpersonal,Share one bedroom,"Each of us would have our own bedroom, but we could spend the night together in either room",,,,,,,,,,,,,,,,,,,,,,,,,,,,,,,,,,,,,,,,,,,,,,,,,,,,,,,,,,,,,,,,,,,,,,,,,,,,,,,,,,
How often do you work out?,range,interpersonal,Daily,A few times a week,Several times a month,Not very often,,,,,,,,,,,,,,,,,,,,,,,,,,,,,,,,,,,,,,,,,,,,,,,,,,,,,,,,,,,,,,,,,,,,,,,,,,,,,,,,
What sort of vacation do you like most?,zero-one,interpersonal,Beach resort,Hiking in the mountains,Exploring a big city,,,,,,,,,,,,,,,,,,,,,,,,,,,,,,,,,,,,,,,,,,,,,,,,,,,,,,,,,,,,,,,,,,,,,,,,,,,,,,,,,
Are you the type of person who likes to plan a holiday?,range,interpersonal,As little as possible,I prefer to pack and go,Plan far in advance and schedule everything,"I arrange the destination and dates, but I leave the rest to the moment",,,,,,,,,,,,,,,,,,,,,,,,,,,,,,,,,,,,,,,,,,,,,,,,,,,,,,,,,,,,,,,,,,,,,,,,,,,,,,,,
Do you consider yourself a planner?,range,interpersonal,I am very systematic,I let things work themselves out,I have to be in the right mood to plan things,,,,,,,,,,,,,,,,,,,,,,,,,,,,,,,,,,,,,,,,,,,,,,,,,,,,,,,,,,,,,,,,,,,,,,,,,,,,,,,,,
"What is the furthest distance you would be willing to consider for a ""long-distance"" relationship?",range,interpersonal,Less than 10km,Less than 50km,Less than 100km,Less than 500km,No disance is too far,,,,,,,,,,,,,,,,,,,,,,,,,,,,,,,,,,,,,,,,,,,,,,,,,,,,,,,,,,,,,,,,,,,,,,,,,,,,,,,
Do you enjoy long walks?,zero-one,interpersonal,Yes,No,,,,,,,,,,,,,,,,,,,,,,,,,,,,,,,,,,,,,,,,,,,,,,,,,,,,,,,,,,,,,,,,,,,,,,,,,,,,,,,,,,
What sort of temperature do you like?,zero-one,interpersonal,I like being comfortably warm (72 degrees),I like being a bit cooler (maximum of 68 degrees),,,,,,,,,,,,,,,,,,,,,,,,,,,,,,,,,,,,,,,,,,,,,,,,,,,,,,,,,,,,,,,,,,,,,,,,,,,,,,,,,,
Do you like having the windows open?,range,interpersonal,Always,Whenever possible,Never,I don't mind if the window is open or closed,,,,,,,,,,,,,,,,,,,,,,,,,,,,,,,,,,,,,,,,,,,,,,,,,,,,,,,,,,,,,,,,,,,,,,,,,,,,,,,,
Morning or night?,range,interpersonal,Morning person,It depends on the day,Night owl,,,,,,,,,,,,,,,,,,,,,,,,,,,,,,,,,,,,,,,,,,,,,,,,,,,,,,,,,,,,,,,,,,,,,,,,,,,,,,,,,
What colour palettes do you dress in?,range,interpersonal,Restrained and muted,I mix it up sometimes,Bold and extravagant,,,,,,,,,,,,,,,,,,,,,,,,,,,,,,,,,,,,,,,,,,,,,,,,,,,,,,,,,,,,,,,,,,,,,,,,,,,,,,,,,
What is your fashion style?,zero-one,interpersonal,Casual,Sporty,Practical,Elegant,Fashionable,Appropriate to the occasion,Unique and unconventional,,,,,,,,,,,,,,,,,,,,,,,,,,,,,,,,,,,,,,,,,,,,,,,,,,,,,,,,,,,,,,,,,,,,,,,,,,,,,
How do you feel about expensive restaurants?,range,interpersonal,I highly value good cuisine,I like them sometimes,I'd rather eat at casual places: food shouldn’t be worth much,All that's important to me is eating healthy,,,,,,,,,,,,,,,,,,,,,,,,,,,,,,,,,,,,,,,,,,,,,,,,,,,,,,,,,,,,,,,,,,,,,,,,,,,,,,,,
Do you eat at regularly?,zero-one,interpersonal,I eat regularly and at set times,"No, I eat whenever I’m hungry",,,,,,,,,,,,,,,,,,,,,,,,,,,,,,,,,,,,,,,,,,,,,,,,,,,,,,,,,,,,,,,,,,,,,,,,,,,,,,,,,,
Do you currently grow any of your own food?,zero-one,interpersonal,Yes,No,,,,,,,,,,,,,,,,,,,,,,,,,,,,,,,,,,,,,,,,,,,,,,,,,,,,,,,,,,,,,,,,,,,,,,,,,,,,,,,,,,
"Right this minute, how clean is your main personal bathroom (the one you use every morning when you wake up in your own bed)?",range,interpersonal,"Spotless, shiny, germ-free, clean clean clean",Clean-ish but could use a quick touch-up,"Not awful, but it could use a good cleaning","The less said about it, the better",,,,,,,,,,,,,,,,,,,,,,,,,,,,,,,,,,,,,,,,,,,,,,,,,,,,,,,,,,,,,,,,,,,,,,,,,,,,,,,,
Are you careful with your money?,zero-one,interpersonal,Yes,No,,,,,,,,,,,,,,,,,,,,,,,,,,,,,,,,,,,,,,,,,,,,,,,,,,,,,,,,,,,,,,,,,,,,,,,,,,,,,,,,,,
What volume level do you usually prefer when listening to music?,range,interpersonal,Loud or louder,Somewhere in the middle,Soft and in the background,I prefer to not listen to music,,,,,,,,,,,,,,,,,,,,,,,,,,,,,,,,,,,,,,,,,,,,,,,,,,,,,,,,,,,,,,,,,,,,,,,,,,,,,,,,
"Would you rather play Scrabble, go out dancing, or get drunk?",zero-one,interpersonal,Scrabble,Dancing,Booze,,,,,,,,,,,,,,,,,,,,,,,,,,,,,,,,,,,,,,,,,,,,,,,,,,,,,,,,,,,,,,,,,,,,,,,,,,,,,,,,,
Do you listen to podcasts?,range,interpersonal,"Yes, frequently","Yes, once in a while",No,,,,,,,,,,,,,,,,,,,,,,,,,,,,,,,,,,,,,,,,,,,,,,,,,,,,,,,,,,,,,,,,,,,,,,,,,,,,,,,,,
"Are you a ""regular"" at any bar, coffee shop or restaurant?",zero-one,interpersonal,Yes,No,,,,,,,,,,,,,,,,,,,,,,,,,,,,,,,,,,,,,,,,,,,,,,,,,,,,,,,,,,,,,,,,,,,,,,,,,,,,,,,,,,
How spicy do you like your spicy food?,range,interpersonal,I like it extremely spicy,I like it hot,I like it a little spicy,I prefer it be mild,,,,,,,,,,,,,,,,,,,,,,,,,,,,,,,,,,,,,,,,,,,,,,,,,,,,,,,,,,,,,,,,,,,,,,,,,,,,,,,,
Which of the following learning approaches would you prefer?,zero-one,interpersonal,Doing and figuring it out myself,Watching someone else do it,Listening to someone explain how it's done,Reading about how it should be done,,,,,,,,,,,,,,,,,,,,,,,,,,,,,,,,,,,,,,,,,,,,,,,,,,,,,,,,,,,,,,,,,,,,,,,,,,,,,,,,
"When in a relationship, what importance do you place upon celebrating weekly or monthly anniversaries?",range,interpersonal,High,Moderate,Low,None,,,,,,,,,,,,,,,,,,,,,,,,,,,,,,,,,,,,,,,,,,,,,,,,,,,,,,,,,,,,,,,,,,,,,,,,,,,,,,,,
Do you spend more money on clothes or food?,zero-one,interpersonal,Clothes,Food,,,,,,,,,,,,,,,,,,,,,,,,,,,,,,,,,,,,,,,,,,,,,,,,,,,,,,,,,,,,,,,,,,,,,,,,,,,,,,,,,,
Do you read the news most days?,zero-one,interpersonal,Yes,No,,,,,,,,,,,,,,,,,,,,,,,,,,,,,,,,,,,,,,,,,,,,,,,,,,,,,,,,,,,,,,,,,,,,,,,,,,,,,,,,,,
Do you enjoy watching educational programming on television?,range,interpersonal,"Yes, often","Yes, on occasion","No, never",,,,,,,,,,,,,,,,,,,,,,,,,,,,,,,,,,,,,,,,,,,,,,,,,,,,,,,,,,,,,,,,,,,,,,,,,,,,,,,,,
"Do you attempt to conserve water, energy or other resources during your everyday life?",range,interpersonal,"Yes, almost always",Sometimes,"No, I don't care","No, it's my right to waste as much as I want",,,,,,,,,,,,,,,,,,,,,,,,,,,,,,,,,,,,,,,,,,,,,,,,,,,,,,,,,,,,,,,,,,,,,,,,,,,,,,,,
"When you are at the movies with your date or your friends, how much talking does it take to make you upset?",range,interpersonal,No talking allowed upon the start of the film,Talking during and usually about the trailers,Little comments during the movie,"Constant chatter, to you, others, or a cell phone",,,,,,,,,,,,,,,,,,,,,,,,,,,,,,,,,,,,,,,,,,,,,,,,,,,,,,,,,,,,,,,,,,,,,,,,,,,,,,,,
Do you examine the nutritional information for the food you buy in stores?,range,interpersonal,Always,Sometimes,Never,,,,,,,,,,,,,,,,,,,,,,,,,,,,,,,,,,,,,,,,,,,,,,,,,,,,,,,,,,,,,,,,,,,,,,,,,,,,,,,,,
Astronomy or astrology?,zero-one,kundali,Astronomy,Astrology,,,,,,,,,,,,,,,,,,,,,,,,,,,,,,,,,,,,,,,,,,,,,,,,,,,,,,,,,,,,,,,,,,,,,,,,,,,,,,,,,,
What is your star sign?,zero-one,kundali,Ashwini,Bharani,Krittika,Rohini,Mrigasira,Ardra,Punarvasu,Pusya Aslesa,Magha,Purva Phalguni,Uttara Phalguni,Hasta,Chitra,Swati,Vishakha,Anuradha,Jyestha,Mula,Purva Ashadha,Uttara Ashadha,Shravana,Dhanistha,Shatabhishak,Purva Bhadrapada,Uttara Bhadrapada,Revati,,,,,,,,,,,,,,,,,,,,,,,,,,,,,,,,,,,,,,,,,,,,,,,,,,,,,,,,,,
What is your raasi?,zero-one,kundali,Ashwini: Mesham / Mesha (Aries),Bharani: Mesham / Mesha (Aries),Krittika: Mesham / Mesha (Aries) OR Rishabam / Vrushaba (Taurus),Rohini: Rishabam / Vrushaba (Taurus),Mrigasira: Rishabam / Vrushaba (Taurus) OR Mithunam / Midhunam (Gemini),Ardra: Mithunam / Midhunam (Gemini),Punarvasu: Mithunam / Midhunam (Gemini) OR Katagam / Karkataka (Cancer),Pusya Aslesa: Katagam / Karkataka (Cancer),Magha: Simmham / Simha (Leo),Purva Phalguni: Simmham / Simha (Leo),Uttara Phalguni: Simmham / Simha (Leo) OR Kanni / Kanya (Virgo),Hasta: Kanni / Kanya (Virgo),Chitha: Kanni / Kanya (Virgo) OR Thulam / Thula (Libra),Swati: Thulam / Thula (Libra),Vishakha: Thulam / Thula (Libra) OR Viruchigam / Vruchika (Scorpio),Anuradha: Viruchigam / Vruchika (Scorpio),Jyestha: Viruchigam / Vruchika (Scorpio),Mula: Dhanusu / Dhanu (Sagittarius),Purva Ashadha: Dhanusu / Dhanu (Sagittarius),Uttara Ashadha: Dhanusu / Dhanu (Sagittarius) OR Makaram / Makara (Capricon),Shravana: Makaram / Makara (Capricon),Dhanistha: Makaram / Makara (Capricon) OR Kumbham / Kumbha (Aquarius),Shatabhishak: Kumbham / Kumbha (Aquarius),Purva Bhadrapada: Kumbham / Kumbha (Aquarius) OR Meenam / Meena (Pisces),Uttara Bhadrapada: Meenam / Meena (Pisces),Revathi: Meenam / Meena (Pisces),,,,,,,,,,,,,,,,,,,,,,,,,,,,,,,,,,,,,,,,,,,,,,,,,,,,,,,,,,
Is it possible for your partner to be too ambitious?,zero-one,career,Yes,No,,,,,,,,,,,,,,,,,,,,,,,,,,,,,,,,,,,,,,,,,,,,,,,,,,,,,,,,,,,,,,,,,,,,,,,,,,,,,,,,,,
How much does the sound of a person's voice affect their attractiveness to you?,range,career,A lot,A little,Not at all,,,,,,,,,,,,,,,,,,,,,,,,,,,,,,,,,,,,,,,,,,,,,,,,,,,,,,,,,,,,,,,,,,,,,,,,,,,,,,,,,
What is too large of an age gap between you and your spouse?,range,career,5 years,10 years,15 years,Age is just a number,,,,,,,,,,,,,,,,,,,,,,,,,,,,,,,,,,,,,,,,,,,,,,,,,,,,,,,,,,,,,,,,,,,,,,,,,,,,,,,,
How important is it to you that a potential partner continues to educate himself/herself as an adult?,range,career,Very important,Somewhat important,Not at all important,"Actually, this would be a turn-off",,,,,,,,,,,,,,,,,,,,,,,,,,,,,,,,,,,,,,,,,,,,,,,,,,,,,,,,,,,,,,,,,,,,,,,,,,,,,,,,
Imagine you have a partner who is able to provide financially for you and any children Would you consider taking a stay-at-home role?,zero-one,career,Yes,No,,,,,,,,,,,,,,,,,,,,,,,,,,,,,,,,,,,,,,,,,,,,,,,,,,,,,,,,,,,,,,,,,,,,,,,,,,,,,,,,,,
How would you describe your physical form?,mirror-A,partner traits,Slender,Average,Athletic,Voluptuous,,,,,,,,,,,,,,,,,,,,,,,,,,,,,,,,,,,,,,,,,,,,,,,,,,,,,,,,,,,,,,,,,,,,,,,,,,,,,,,,
What do you prefer in your partner's physical form?,mirror-B,partner traits,Slender,Average,Athletic,Voluptuous,No preference,,,,,,,,,,,,,,,,,,,,,,,,,,,,,,,,,,,,,,,,,,,,,,,,,,,,,,,,,,,,,,,,,,,,,,,,,,,,,,,
What is your eye colour?,mirror-A,partner traits,Brown,Hazel,Amber,Green,Gray,Blue,,,,,,,,,,,,,,,,,,,,,,,,,,,,,,,,,,,,,,,,,,,,,,,,,,,,,,,,,,,,,,,,,,,,,,,,,,,,,,
What do you prefer in your partner's eye colour?,mirror-B,partner traits,Brown,Hazel,Amber,Green,Gray,Blue,No preference,,,,,,,,,,,,,,,,,,,,,,,,,,,,,,,,,,,,,,,,,,,,,,,,,,,,,,,,,,,,,,,,,,,,,,,,,,,,,
What is your hair colour?,mirror-A,partner traits,Black,Brown,Gray,Colorful,,,,,,,,,,,,,,,,,,,,,,,,,,,,,,,,,,,,,,,,,,,,,,,,,,,,,,,,,,,,,,,,,,,,,,,,,,,,,,,,
What do you prefer in your partner's hair colour?,mirror-B,partner traits,Black,Brown,Gray,Colorful,No preference,,,,,,,,,,,,,,,,,,,,,,,,,,,,,,,,,,,,,,,,,,,,,,,,,,,,,,,,,,,,,,,,,,,,,,,,,,,,,,,
Do you have cheek dimples?,mirror-A,partner traits,Yes,No,,,,,,,,,,,,,,,,,,,,,,,,,,,,,,,,,,,,,,,,,,,,,,,,,,,,,,,,,,,,,,,,,,,,,,,,,,,,,,,,,,
What do you think about a partner with cheek dimples?,mirror-B,partner traits,Sexy!,Not into them,No preference,,,,,,,,,,,,,,,,,,,,,,,,,,,,,,,,,,,,,,,,,,,,,,,,,,,,,,,,,,,,,,,,,,,,,,,,,,,,,,,,,
Do you have freckles?,mirror-A,partner traits,Yes,No,,,,,,,,,,,,,,,,,,,,,,,,,,,,,,,,,,,,,,,,,,,,,,,,,,,,,,,,,,,,,,,,,,,,,,,,,,,,,,,,,,
What is your opinion on freckles?,mirror-B,partner traits,I love them,I don't like them,No preference,,,,,,,,,,,,,,,,,,,,,,,,,,,,,,,,,,,,,,,,,,,,,,,,,,,,,,,,,,,,,,,,,,,,,,,,,,,,,,,,,
Which pubic hair style do you prefer for yourself?,mirror-A,partner traits,Natural,Neatly trimmed,Completely shaven,,,,,,,,,,,,,,,,,,,,,,,,,,,,,,,,,,,,,,,,,,,,,,,,,,,,,,,,,,,,,,,,,,,,,,,,,,,,,,,,,
Which pubic hair style do you prefer for a partner?,mirror-B,partner traits,Natural,Neatly trimmed,Completely shaven,No preference,,,,,,,,,,,,,,,,,,,,,,,,,,,,,,,,,,,,,,,,,,,,,,,,,,,,,,,,,,,,,,,,,,,,,,,,,,,,,,,,
"Do you have any ""extreme"" piercings?",mirror-A,partner traits,Yes,No,,,,,,,,,,,,,,,,,,,,,,,,,,,,,,,,,,,,,,,,,,,,,,,,,,,,,,,,,,,,,,,,,,,,,,,,,,,,,,,,,,
"How do you feel about yur partner having ""extreme"" piercings?",mirror-B,partner traits,Okay with it,Not okay with it,No preference,,,,,,,,,,,,,,,,,,,,,,,,,,,,,,,,,,,,,,,,,,,,,,,,,,,,,,,,,,,,,,,,,,,,,,,,,,,,,,,,,
How do you prefer to maintain your underarm hair?,mirror-A,partner traits,I let it grow,I trim,I shave,,,,,,,,,,,,,,,,,,,,,,,,,,,,,,,,,,,,,,,,,,,,,,,,,,,,,,,,,,,,,,,,,,,,,,,,,,,,,,,,,
How do you prefer your partner maintain their underarm hair?,mirror-B,partner traits,Let it grow,Trimmed,Shaved,No preference,,,,,,,,,,,,,,,,,,,,,,,,,,,,,,,,,,,,,,,,,,,,,,,,,,,,,,,,,,,,,,,,,,,,,,,,,,,,,,,,
"If a date were to give you a gift, which would you rather receive?",mirror-A,partner traits,Flowers,A box of chocolates,"A creative, self-made item",Something practical to improve life,,,,,,,,,,,,,,,,,,,,,,,,,,,,,,,,,,,,,,,,,,,,,,,,,,,,,,,,,,,,,,,,,,,,,,,,,,,,,,,,
Which would you likely give to a date?,mirror-B,partner traits,Flowers,A box of chocolates,"A creative, self-made item",Something practical to improve life,,,,,,,,,,,,,,,,,,,,,,,,,,,,,,,,,,,,,,,,,,,,,,,,,,,,,,,,,,,,,,,,,,,,,,,,,,,,,,,,
What do you prefer to smell like?,mirror-A,partner traits,Cologne / Perfume,Deodorant,Natural,,,,,,,,,,,,,,,,,,,,,,,,,,,,,,,,,,,,,,,,,,,,,,,,,,,,,,,,,,,,,,,,,,,,,,,,,,,,,,,,,
What do you prefer your partner to smell like?,mirror-B,partner traits,Cologne / Perfume,Deodorant,Natural,No preference,,,,,,,,,,,,,,,,,,,,,,,,,,,,,,,,,,,,,,,,,,,,,,,,,,,,,,,,,,,,,,,,,,,,,,,,,,,,,,,,
What would you likely do to treat your partner to a special meal?,mirror-A,partner traits,Take them out to a nice restaurant,Cook them a homemade meal,,,,,,,,,,,,,,,,,,,,,,,,,,,,,,,,,,,,,,,,,,,,,,,,,,,,,,,,,,,,,,,,,,,,,,,,,,,,,,,,,,
What would you prefer your partner do to treat you to a special meal?,mirror-B,partner traits,Take me out to a nice restaurant,Cook me a homemade meal,No preference,,,,,,,,,,,,,,,,,,,,,,,,,,,,,,,,,,,,,,,,,,,,,,,,,,,,,,,,,,,,,,,,,,,,,,,,,,,,,,,,,
How many kids would you like to have?,range,children,None,1-2,3-4,5 or more,,,,,,,,,,,,,,,,,,,,,,,,,,,,,,,,,,,,,,,,,,,,,,,,,,,,,,,,,,,,,,,,,,,,,,,,,,,,,,,,
When would you like to start having kids?,range,children,I don't want kids,As soon as possible,In the next 3 years,Not for at least 3 more years,,,,,,,,,,,,,,,,,,,,,,,,,,,,,,,,,,,,,,,,,,,,,,,,,,,,,,,,,,,,,,,,,,,,,,,,,,,,,,,,
What age would you let your child have their first mobile phone?,range,children,By age 10,Not before age 13,Age 15 at the earliest,Not until older than 16 or 17,,,,,,,,,,,,,,,,,,,,,,,,,,,,,,,,,,,,,,,,,,,,,,,,,,,,,,,,,,,,,,,,,,,,,,,,,,,,,,,,
Do you want to raise your kids to be religious?,range,children,"Yes, absolutely",I will let them choose at an appropriate age,"No, I will not suggest any religion to them",Undecided,,,,,,,,,,,,,,,,,,,,,,,,,,,,,,,,,,,,,,,,,,,,,,,,,,,,,,,,,,,,,,,,,,,,,,,,,,,,,,,,
How important is discipline versus freedom and creativity for a child?,range,children,Discipline is most important,A balance of both,Freedom to be creative is most important,,,,,,,,,,,,,,,,,,,,,,,,,,,,,,,,,,,,,,,,,,,,,,,,,,,,,,,,,,,,,,,,,,,,,,,,,,,,,,,,,
What would you do if your child told you they were gay?,range,children,I would not tolerate it,I would listen and try to understand,"I would ask them to keep it a secret, at least until they were older",I would be proud no matter what,I'm not sure,,,,,,,,,,,,,,,,,,,,,,,,,,,,,,,,,,,,,,,,,,,,,,,,,,,,,,,,,,,,,,,,,,,,,,,,,,,,,,,
How important is family (besides parents) for raising children?,range,children,Essential I want the whole family involved,It depends on the rest of the family and if we share values,I want to raise my child myself,Unsure,,,,,,,,,,,,,,,,,,,,,,,,,,,,,,,,,,,,,,,,,,,,,,,,,,,,,,,,,,,,,,,,,,,,,,,,,,,,,,,,
How important are your parents' opinions on matters of your future kids?,range,children,Extremely important,Somewhat important,I'm willing to listen but will decide for myself,Not important at all,,,,,,,,,,,,,,,,,,,,,,,,,,,,,,,,,,,,,,,,,,,,,,,,,,,,,,,,,,,,,,,,,,,,,,,,,,,,,,,,
Do you have names planned out for future children?,zero-one,children,Yes,No,"No, and I'm not planning on any future children",,,,,,,,,,,,,,,,,,,,,,,,,,,,,,,,,,,,,,,,,,,,,,,,,,,,,,,,,,,,,,,,,,,,,,,,,,,,,,,,,
When would you like to get married?,range,marriage,As soon as possible,In the next three years,In at least three years,I'm not sure if I want to marry,,,,,,,,,,,,,,,,,,,,,,,,,,,,,,,,,,,,,,,,,,,,,,,,,,,,,,,,,,,,,,,,,,,,,,,,,,,,,,,,
How soon after getting married would you want to have kids?,range,marriage,Immediately,After a few years of marital bliss,Whenever it happens naturally,,,,,,,,,,,,,,,,,,,,,,,,,,,,,,,,,,,,,,,,,,,,,,,,,,,,,,,,,,,,,,,,,,,,,,,,,,,,,,,,,
What kind of wedding would you want?,range,marriage,"A big, fancy wedding with lots of family and friends A big party, no expense spared",A quiet wedding with a reasonable budget and my important family and/or friends,"A small, private wedding with just the most important family and/or friends in an intimate setting",,,,,,,,,,,,,,,,,,,,,,,,,,,,,,,,,,,,,,,,,,,,,,,,,,,,,,,,,,,,,,,,,,,,,,,,,,,,,,,,,
How involved will your parents' opinions be in your wedding?,range,marriage,Extremely involved; their opinions are most important to me,Somewhat involved; I will listen to their ideas and decide for myself,I do not want my parents involved in deciding; it's hard enough as it is!,,,,,,,,,,,,,,,,,,,,,,,,,,,,,,,,,,,,,,,,,,,,,,,,,,,,,,,,,,,,,,,,,,,,,,,,,,,,,,,,,
What kind of family life do you want?,range,family,"A big, blended household of many generations; parents, children, grandparents, all together",A household with my partner and children with maybe one or two parents when they get older ,"A smaller, closer family of just my partner and our children",,,,,,,,,,,,,,,,,,,,,,,,,,,,,,,,,,,,,,,,,,,,,,,,,,,,,,,,,,,,,,,,,,,,,,,,,,,,,,,,,
Will your parents live with you one day?,range,family,They already do and I expect them to continue to after marriage,"Maybe one day when they get older, but maybe not",My parents are independent and/or will live with another sibling if they need to,Not sure,,,,,,,,,,,,,,,,,,,,,,,,,,,,,,,,,,,,,,,,,,,,,,,,,,,,,,,,,,,,,,,,,,,,,,,,,,,,,,,,